{
    "images": [
        {
            "height": 1300,
            "width": 1300,
            "id": 0,
            "file_name": "001876588.jpg"
        },
        {
            "height": 300,
            "width": 300,
            "id": 1,
            "file_name": "12238.jpg"
        },
        {
            "height": 2000,
            "width": 2000,
            "id": 2,
            "file_name": "16988.jpg"
        },
        {
            "height": 430,
            "width": 430,
            "id": 3,
            "file_name": "2018-328571.jpg"
        },
        {
            "height": 265,
            "width": 265,
            "id": 4,
            "file_name": "3252214970045-3.jpg"
        },
        {
            "height": 1500,
            "width": 1500,
            "id": 5,
            "file_name": "3270190119968_PHOTOSITE_20180223_161533_0.jpg"
        },
        {
            "height": 540,
            "width": 540,
            "id": 6,
            "file_name": "3428271940103_PHOTOSITE_20200805_163539_0.jpg"
        },
        {
            "height": 500,
            "width": 500,
            "id": 7,
            "file_name": "51BUFQ7HimL.jpg"
        },
        {
            "height": 500,
            "width": 500,
            "id": 8,
            "file_name": "51uJdR27f7L.jpg"
        },
        {
            "height": 580,
            "width": 580,
            "id": 9,
            "file_name": "580x580.webp"
        },
        {
            "height": 1500,
            "width": 1500,
            "id": 10,
            "file_name": "6000201796842.jpg"
        },
        {
            "height": 1500,
            "width": 1500,
            "id": 11,
            "file_name": "81vJyb43URL._SL1500_.jpg"
        },
        {
            "height": 700,
            "width": 700,
            "id": 12,
            "file_name": "casino-nectar-orange-2l.jpg"
        },
        {
            "height": 1280,
            "width": 788,
            "id": 13,
            "file_name": "coca-cola-443123_1280.webp"
        },
        {
            "height": 500,
            "width": 500,
            "id": 14,
            "file_name": "coca-cola-canette-24-unites-de-330-ml-1482021.jpg"
        },
        {
            "height": 1200,
            "width": 1920,
            "id": 15,
            "file_name": "coca-cola-canette-boisson-soda-aluminium.jpg"
        },
        {
            "height": 1000,
            "width": 1000,
            "id": 16,
            "file_name": "d01c9f50acb7ad0c84acc7e2fdf7298a.jpg"
        },
        {
            "height": 360,
            "width": 140,
            "id": 17,
            "file_name": "download.jpg"
        },
        {
            "height": 327,
            "width": 154,
            "id": 18,
            "file_name": "download1.jpg"
        },
        {
            "height": 327,
            "width": 154,
            "id": 19,
            "file_name": "download1.jpg"
        },
        {
            "height": 225,
            "width": 225,
            "id": 20,
            "file_name": "download.jpg"
        },
        {
            "height": 275,
            "width": 275,
            "id": 21,
            "file_name": "europa-canette-de-coca-cola-33cl-1568115.jpg"
        },
        {
            "height": 2612,
            "width": 1958,
            "id": 22,
            "file_name": "front_fr.11.full.jpg"
        },
        {
            "height": 1966,
            "width": 933,
            "id": 23,
            "file_name": "front_fr.12.full.jpg"
        },
        {
            "height": 1140,
            "width": 900,
            "id": 24,
            "file_name": "kisspng-coca-cola-fizzy-drinks-beer-diet-coke-soda-5abc7ba81160a4.0612651015223018640712.jpg"
        },
        {
            "height": 482,
            "width": 170,
            "id": 25,
            "file_name": "lactel_bouteille_1l_ecreme_.png"
        },
        {
            "height": 700,
            "width": 700,
            "id": 26,
            "file_name": "lait-de-chevre-uht-demi-ecreme-lactel-1-l-.jpg"
        },
        {
            "height": 1500,
            "width": 1500,
            "id": 27,
            "file_name": "LAIT-ENTIER-LACTEL-1L.jpg"
        },
        {
            "height": 300,
            "width": 300,
            "id": 28,
            "file_name": "Lay_s_Classic_Potato_Chips_2.75_oz._300x300.webp"
        },
        {
            "height": 392,
            "width": 249,
            "id": 29,
            "file_name": "Nectar.PNG"
        },
        {
            "height": 225,
            "width": 225,
            "id": 30,
            "file_name": "Nectar2.png"
        },
        {
            "height": 500,
            "width": 500,
            "id": 31,
            "file_name": "xAIG2107105.jpg.pagespeed.ic.qjHAL2Dfrc.jpg"
        },
        {
            "height": 800,
            "width": 329,
            "id": 32,
            "file_name": "_RPA659_SINF_LACTEL_DETOURESANSFOND.jpg"
        }
    ],
    "categories": [
        {
            "supercategory": "Nectar",
            "id": 0,
            "name": "Nectar"
        },
        {
            "supercategory": "chips",
            "id": 1,
            "name": "chips"
        },
        {
            "supercategory": "cocacola",
            "id": 2,
            "name": "cocacola"
        },
        {
            "supercategory": "lactel",
            "id": 3,
            "name": "lactel"
        }
    ],
    "annotations": [
        {
            "segmentation": [
                [
                    205.16666666666674,
                    1262.8333333333335,
                    228.77777777777783,
                    1155.888888888889,
                    288.5,
                    1022.5555555555557,
                    310.7222222222223,
                    590.6111111111111,
                    285.7222222222223,
                    325.33333333333337,
                    199.6111111111111,
                    82.27777777777779,
                    202.3888888888889,
                    35.05555555555556,
                    1091.2777777777778,
                    32.27777777777778,
                    1095.4444444444446,
                    83.66666666666667,
                    1039.888888888889,
                    297.55555555555554,
                    1017.6666666666667,
                    487.83333333333337,
                    985.7222222222222,
                    835.0555555555555,
                    1094.0555555555557,
                    1248.9444444444446,
                    1094.0555555555557,
                    1268.388888888889
                ]
            ],
            "iscrowd": 0,
            "area": 939689.4290123456,
            "image_id": 0,
            "bbox": [
                199.0,
                32.0,
                896.0,
                1236.0
            ],
            "category_id": 1,
            "id": 1
        },
        {
            "segmentation": [
                [
                    110.44303797468353,
                    271.2025316455696,
                    108.54430379746836,
                    103.16455696202532,
                    117.72151898734177,
                    65.82278481012658,
                    125.94936708860757,
                    44.936708860759495,
                    126.89873417721518,
                    39.87341772151898,
                    125.63291139240505,
                    36.70886075949367,
                    126.58227848101265,
                    31.32911392405063,
                    127.2151898734177,
                    11.708860759493671,
                    142.40506329113924,
                    8.544303797468354,
                    177.84810126582278,
                    9.177215189873417,
                    185.44303797468353,
                    13.924050632911392,
                    182.91139240506328,
                    32.59493670886076,
                    186.70886075949363,
                    37.974683544303794,
                    184.49367088607596,
                    44.936708860759495,
                    201.2658227848101,
                    89.55696202531645,
                    204.43037974683546,
                    110.12658227848101,
                    205.0632911392405,
                    266.4556962025316,
                    197.15189873417722,
                    278.1645569620253,
                    173.41772151898732,
                    281.6455696202531,
                    151.26582278481013,
                    281.9620253164557,
                    121.51898734177215,
                    282.27848101265823
                ]
            ],
            "iscrowd": 0,
            "area": 23482.264460823557,
            "image_id": 1,
            "bbox": [
                108.0,
                8.0,
                97.0,
                274.0
            ],
            "category_id": 3,
            "id": 2
        },
        {
            "segmentation": [
                [
                    654.2978723404256,
                    1774.978723404255,
                    645.7872340425531,
                    234.5531914893617,
                    677.7021276595744,
                    181.36170212765956,
                    679.8297872340424,
                    111.14893617021276,
                    788.3404255319149,
                    77.1063829787234,
                    1018.127659574468,
                    66.46808510638297,
                    1235.1489361702127,
                    79.23404255319149,
                    1339.404255319149,
                    130.29787234042553,
                    1324.5106382978722,
                    170.72340425531914,
                    1326.6382978723402,
                    223.91489361702125,
                    1352.1702127659573,
                    253.70212765957444,
                    1350.0425531914893,
                    1800.5106382978722,
                    1294.723404255319,
                    1868.5957446808509,
                    1209.6170212765956,
                    1906.8936170212764,
                    1043.659574468085,
                    1932.4255319148936,
                    862.8085106382978,
                    1921.787234042553,
                    735.1489361702127,
                    1877.1063829787233
                ]
            ],
            "iscrowd": 0,
            "area": 1265436.8492530556,
            "image_id": 2,
            "bbox": [
                645.0,
                66.0,
                707.0,
                1866.0
            ],
            "category_id": 2,
            "id": 3
        },
        {
            "segmentation": [
                [
                    127.36363636363632,
                    424.99999999999994,
                    120.09090909090907,
                    414.99999999999994,
                    100.99999999999997,
                    401.3636363636363,
                    99.63636363636363,
                    55.90909090909091,
                    117.81818181818181,
                    17.27272727272727,
                    116.90909090909088,
                    5.454545454545454,
                    194.63636363636363,
                    0.9090909090909091,
                    267.3636363636363,
                    0.9090909090909091,
                    313.7272727272727,
                    5.454545454545454,
                    314.18181818181813,
                    15.454545454545453,
                    330.09090909090907,
                    57.272727272727266,
                    329.6363636363636,
                    402.7272727272727,
                    306.9090909090909,
                    417.7272727272727,
                    301.9090909090909,
                    427.27272727272725,
                    279.0,
                    429.0,
                    241.0,
                    429.0,
                    202.36363636363632,
                    427.7272727272727,
                    148.27272727272725,
                    428.6363636363636
                ]
            ],
            "iscrowd": 0,
            "area": 95745.85537190089,
            "image_id": 3,
            "bbox": [
                99.0,
                0.0,
                231.0,
                429.0
            ],
            "category_id": 2,
            "id": 4
        },
        {
            "segmentation": [
                [
                    90.55182072829129,
                    225.49019607843135,
                    87.47058823529412,
                    106.72268907563024,
                    88.59103641456582,
                    89.63585434173669,
                    108.47899159663865,
                    46.49859943977591,
                    111.28011204481791,
                    26.330532212885153,
                    107.35854341736692,
                    22.969187675070025,
                    107.9187675070028,
                    5.602240896358543,
                    124.44537815126048,
                    0.5602240896358543,
                    145.1736694677871,
                    1.1204481792717087,
                    158.6190476190476,
                    7.8431372549019605,
                    158.05882352941174,
                    25.49019607843137,
                    154.13725490196077,
                    29.691876750700278,
                    155.81792717086833,
                    46.21848739495798,
                    177.38655462184875,
                    94.67787114845937,
                    177.94677871148457,
                    109.24369747899159,
                    176.82633053221286,
                    221.28851540616245,
                    168.98319327731093,
                    252.38095238095235,
                    151.05602240896357,
                    262.1848739495798,
                    136.0,
                    264.0,
                    117.0,
                    264.0,
                    98.11484593837534,
                    255.18207282913164
                ]
            ],
            "iscrowd": 0,
            "area": 19735.57102841136,
            "image_id": 4,
            "bbox": [
                87.0,
                0.0,
                90.0,
                264.0
            ],
            "category_id": 3,
            "id": 5
        },
        {
            "segmentation": [
                [
                    474.95238095238096,
                    1493.2380952380952,
                    413.04761904761904,
                    1369.4285714285713,
                    400.3492063492064,
                    98.0,
                    816.2222222222222,
                    71.01587301587301,
                    860.6666666666667,
                    63.079365079365076,
                    855.9047619047619,
                    12.285714285714286,
                    940.031746031746,
                    4.349206349206349,
                    1014.6349206349207,
                    13.873015873015873,
                    1013.047619047619,
                    58.317460317460316,
                    1095.5873015873017,
                    145.61904761904762,
                    1090.8253968253969,
                    1458.3174603174602
                ]
            ],
            "iscrowd": 0,
            "area": 962950.3653313178,
            "image_id": 5,
            "bbox": [
                400.0,
                4.0,
                695.0,
                1489.0
            ],
            "category_id": 0,
            "id": 6
        },
        {
            "segmentation": [
                [
                    179.14285714285717,
                    438.85714285714283,
                    176.85714285714283,
                    249.14285714285714,
                    188.28571428571428,
                    151.42857142857142,
                    204.28571428571428,
                    86.28571428571429,
                    204.85714285714283,
                    70.28571428571429,
                    210.0,
                    62.857142857142854,
                    207.14285714285717,
                    60.57142857142857,
                    206.0,
                    18.857142857142858,
                    232.28571428571428,
                    12.571428571428571,
                    293.42857142857144,
                    12.0,
                    327.7142857142857,
                    17.142857142857142,
                    330.0,
                    60.57142857142857,
                    327.7142857142857,
                    66.85714285714286,
                    331.71428571428567,
                    73.71428571428571,
                    330.0,
                    87.42857142857143,
                    341.42857142857144,
                    153.71428571428572,
                    359.1428571428571,
                    235.42857142857142,
                    358.57142857142856,
                    445.7142857142857,
                    346.0,
                    513.7142857142857,
                    306.57142857142856,
                    529.1428571428571,
                    255.14285714285717,
                    535.4285714285714,
                    203.14285714285717,
                    522.2857142857143,
                    184.28571428571428,
                    492.57142857142856
                ]
            ],
            "iscrowd": 0,
            "area": 83479.02040816331,
            "image_id": 6,
            "bbox": [
                176.0,
                12.0,
                183.0,
                523.0
            ],
            "category_id": 3,
            "id": 7
        },
        {
            "segmentation": [
                [
                    94.96296296296293,
                    475.66137566137564,
                    117.71428571428572,
                    381.48148148148147,
                    121.41798941798942,
                    143.38624338624336,
                    120.88888888888886,
                    128.57142857142856,
                    116.1269841269841,
                    114.81481481481481,
                    112.9523809523809,
                    85.71428571428571,
                    99.72486772486769,
                    59.25925925925925,
                    93.90476190476187,
                    20.634920634920633,
                    405.54497354497346,
                    17.46031746031746,
                    396.02116402116394,
                    98.4126984126984,
                    382.7936507936507,
                    121.16402116402115,
                    385.4391534391534,
                    217.98941798941797,
                    384.3809523809523,
                    365.60846560846556,
                    407.13227513227514,
                    480.4232804232804
                ]
            ],
            "iscrowd": 0,
            "area": 126972.64914196124,
            "image_id": 7,
            "bbox": [
                93.0,
                17.0,
                314.0,
                463.0
            ],
            "category_id": 1,
            "id": 8
        },
        {
            "segmentation": [
                [
                    142.05291005291002,
                    432.80423280423275,
                    140.46560846560845,
                    105.82010582010581,
                    163.74603174603175,
                    58.73015873015873,
                    161.10052910052906,
                    46.56084656084656,
                    261.6296296296296,
                    39.68253968253968,
                    319.8306878306878,
                    43.386243386243386,
                    343.1111111111111,
                    47.08994708994709,
                    340.46560846560845,
                    51.85185185185185,
                    362.1587301587301,
                    102.11640211640211,
                    361.1005291005291,
                    433.3333333333333,
                    340.99470899470896,
                    444.4444444444444,
                    330.4126984126984,
                    457.1428571428571,
                    280.1481481481481,
                    465.60846560846556,
                    225.1216931216931,
                    464.5502645502645,
                    172.2116402116402,
                    457.6719576719576,
                    160.57142857142856,
                    446.5608465608465
                ]
            ],
            "iscrowd": 0,
            "area": 89769.46334089187,
            "image_id": 8,
            "bbox": [
                140.0,
                39.0,
                222.0,
                426.0
            ],
            "category_id": 2,
            "id": 9
        },
        {
            "segmentation": [
                [
                    186.59509202453984,
                    485.27607361963186,
                    187.2085889570552,
                    276.6871165644172,
                    197.6380368098159,
                    171.77914110429447,
                    230.76687116564415,
                    73.61963190184049,
                    230.76687116564415,
                    54.601226993865026,
                    238.1288343558282,
                    52.760736196319016,
                    228.92638036809814,
                    43.558282208588956,
                    228.92638036809814,
                    4.9079754601226995,
                    273.09815950920245,
                    0.0,
                    324.63190184049074,
                    0.0,
                    347.9447852760736,
                    5.521472392638036,
                    350.3987730061349,
                    47.23926380368098,
                    344.8773006134969,
                    50.920245398773005,
                    351.62576687116564,
                    58.89570552147239,
                    347.3312883435583,
                    68.71165644171779,
                    384.1411042944785,
                    165.03067484662574,
                    394.57055214723925,
                    273.6196319018405,
                    393.95705521472394,
                    501.22699386503064,
                    390.2760736196319,
                    555.2147239263803,
                    372.0,
                    579.0,
                    206.22699386503064,
                    577.9141104294478,
                    197.02453987730058,
                    564.4171779141104,
                    187.2085889570552,
                    522.0858895705521
                ]
            ],
            "iscrowd": 0,
            "area": 106095.02992208977,
            "image_id": 9,
            "bbox": [
                186.0,
                0.0,
                208.0,
                579.0
            ],
            "category_id": 3,
            "id": 10
        },
        {
            "segmentation": [
                [
                    246.3809523809524,
                    1491.6507936507937,
                    344.79365079365084,
                    1144.031746031746,
                    336.8571428571429,
                    315.46031746031747,
                    252.73015873015868,
                    66.25396825396825,
                    249.55555555555554,
                    13.873015873015873,
                    1251.142857142857,
                    5.936507936507937,
                    1247.968253968254,
                    102.76190476190476,
                    1178.126984126984,
                    353.55555555555554,
                    1187.6507936507937,
                    931.3333333333334,
                    1186.063492063492,
                    1132.920634920635,
                    1243.2063492063492,
                    1301.1746031746031,
                    1257.0,
                    1499.0
                ]
            ],
            "iscrowd": 0,
            "area": 1316335.903250189,
            "image_id": 10,
            "bbox": [
                246.0,
                5.0,
                1011.0,
                1494.0
            ],
            "category_id": 1,
            "id": 11
        },
        {
            "segmentation": [
                [
                    106.69841269841265,
                    1482.126984126984,
                    201.93650793650795,
                    1188.4761904761904,
                    208.28571428571433,
                    391.6507936507937,
                    217.80952380952385,
                    304.3492063492063,
                    103.52380952380952,
                    39.26984126984127,
                    111.46031746031747,
                    9.11111111111111,
                    1382.888888888889,
                    1.1746031746031744,
                    1381.3015873015872,
                    118.63492063492063,
                    1290.8253968253969,
                    355.14285714285717,
                    1301.936507936508,
                    1118.6349206349207,
                    1374.952380952381,
                    1320.2222222222222,
                    1394.0,
                    1478.952380952381,
                    1370.1904761904761,
                    1491.6507936507937
                ]
            ],
            "iscrowd": 0,
            "area": 1689082.8924162257,
            "image_id": 11,
            "bbox": [
                103.0,
                1.0,
                1291.0,
                1490.0
            ],
            "category_id": 1,
            "id": 12
        },
        {
            "segmentation": [
                [
                    175.1111111111111,
                    627.1481481481482,
                    176.59259259259255,
                    50.11111111111111,
                    368.44444444444446,
                    32.33333333333333,
                    381.7777777777777,
                    29.370370370370367,
                    384.0,
                    4.925925925925926,
                    446.96296296296293,
                    6.4074074074074066,
                    450.66666666666663,
                    32.33333333333333,
                    525.4814814814814,
                    64.92592592592592,
                    513.6296296296296,
                    655.2962962962963,
                    253.62962962962962,
                    694.5555555555555
                ]
            ],
            "iscrowd": 0,
            "area": 218711.38545953363,
            "image_id": 12,
            "bbox": [
                175.0,
                4.0,
                350.0,
                690.0
            ],
            "category_id": 0,
            "id": 13
        },
        {
            "segmentation": [
                [
                    85.81081081081084,
                    1066.2162162162163,
                    3.378378378378443,
                    240.54054054054055,
                    65.54054054054052,
                    117.56756756756756,
                    61.486486486486456,
                    74.32432432432432,
                    170.94594594594594,
                    18.91891891891892,
                    289.8648648648649,
                    6.756756756756757,
                    416.8918918918919,
                    0.0,
                    579.0540540540542,
                    20.27027027027027,
                    614.1891891891892,
                    45.945945945945944,
                    622.2972972972973,
                    83.78378378378379,
                    691.2162162162163,
                    193.24324324324326,
                    715.5405405405406,
                    1013.5135135135135,
                    684.4594594594594,
                    1074.3243243243244,
                    626.3513513513515,
                    1110.8108108108108,
                    550.6756756756756,
                    1151.3513513513515,
                    458.78378378378375,
                    1175.6756756756756,
                    319.5945945945946,
                    1178.3783783783783,
                    203.37837837837844,
                    1160.8108108108108,
                    158.78378378378375,
                    1121.6216216216217
                ]
            ],
            "iscrowd": 0,
            "area": 727423.3016800587,
            "image_id": 13,
            "bbox": [
                3.0,
                0.0,
                712.0,
                1178.0
            ],
            "category_id": 2,
            "id": 14
        },
        {
            "segmentation": [
                [
                    160.57142857142856,
                    458.7301587301587,
                    160.042328042328,
                    57.67195767195767,
                    170.09523809523807,
                    35.44973544973545,
                    168.5079365079365,
                    26.455026455026452,
                    227.23809523809518,
                    21.16402116402116,
                    272.7407407407407,
                    21.16402116402116,
                    316.6560846560846,
                    22.75132275132275,
                    333.058201058201,
                    25.396825396825395,
                    332.5291005291005,
                    33.33333333333333,
                    337.82010582010577,
                    51.32275132275132,
                    340.46560846560845,
                    465.07936507936506,
                    325.1216931216931,
                    480.9523809523809,
                    285.4391534391534,
                    485.71428571428567,
                    226.70899470899468,
                    485.71428571428567,
                    176.4444444444444,
                    480.9523809523809
                ]
            ],
            "iscrowd": 0,
            "area": 81821.89748327306,
            "image_id": 14,
            "bbox": [
                160.0,
                21.0,
                180.0,
                464.0
            ],
            "category_id": 2,
            "id": 15
        },
        {
            "segmentation": [
                [
                    852.6708860759493,
                    846.8354430379746,
                    856.4683544303797,
                    346.83544303797464,
                    867.8607594936708,
                    320.253164556962,
                    865.3291139240506,
                    300.0,
                    966.5949367088607,
                    292.40506329113924,
                    1081.7848101265822,
                    297.46835443037975,
                    1100.7721518987341,
                    306.3291139240506,
                    1091.9113924050632,
                    321.5189873417721,
                    1100.7721518987341,
                    360.75949367088606,
                    1099.506329113924,
                    845.5696202531645,
                    1076.7215189873418,
                    858.2278481012657,
                    1077.987341772152,
                    869.620253164557,
                    960.2658227848101,
                    879.746835443038,
                    870.3924050632911,
                    868.3544303797468
                ]
            ],
            "iscrowd": 0,
            "area": 140577.6317897765,
            "image_id": 15,
            "bbox": [
                852.0,
                292.0,
                248.0,
                587.0
            ],
            "category_id": 2,
            "id": 16
        },
        {
            "segmentation": [
                [
                    292.04255319148933,
                    824.7234042553191,
                    326.08510638297867,
                    673.6595744680851,
                    331.4042553191489,
                    289.6170212765957,
                    292.04255319148933,
                    150.25531914893617,
                    736.7234042553191,
                    152.38297872340425,
                    705.8723404255318,
                    305.5744680851064,
                    705.8723404255318,
                    688.5531914893617,
                    742.0425531914893,
                    834.2978723404254
                ]
            ],
            "iscrowd": 0,
            "area": 266105.1380715256,
            "image_id": 16,
            "bbox": [
                292.0,
                150.0,
                450.0,
                684.0
            ],
            "category_id": 1,
            "id": 17
        },
        {
            "segmentation": [
                [
                    15.247148288973392,
                    317.8707224334601,
                    15.247148288973392,
                    290.11406844106466,
                    15.247148288973392,
                    166.1596958174905,
                    23.99239543726236,
                    101.90114068441065,
                    40.72243346007605,
                    48.66920152091255,
                    38.4410646387833,
                    13.688212927756654,
                    58.59315589353611,
                    2.2813688212927756,
                    81.02661596958177,
                    2.2813688212927756,
                    100.0380228136882,
                    8.745247148288973,
                    106.50190114068442,
                    17.870722433460077,
                    104.22053231939162,
                    43.72623574144487,
                    104.22053231939162,
                    56.653992395437264,
                    122.09125475285174,
                    107.22433460076046,
                    127.41444866920153,
                    170.72243346007605,
                    122.09125475285174,
                    299.6197718631179,
                    120.57034220532319,
                    320.9125475285171,
                    91.67300380228136,
                    347.14828897338407,
                    61.25475285171103,
                    349.80988593155894,
                    34.638783269962005,
                    344.106463878327
                ]
            ],
            "iscrowd": 0,
            "area": 32732.221081698444,
            "image_id": 17,
            "bbox": [
                15.0,
                2.0,
                112.0,
                347.0
            ],
            "category_id": 3,
            "id": 18
        },
        {
            "segmentation": [
                [
                    4.0,
                    324.5674740484429,
                    3.3079584775086346,
                    18.685121107266436,
                    105.03806228373702,
                    12.45674740484429,
                    104.69204152249131,
                    4.498269896193771,
                    138.94809688581313,
                    3.1141868512110724,
                    138.25605536332176,
                    13.148788927335639,
                    146.90657439446363,
                    15.224913494809687,
                    152.0968858131488,
                    321.10726643598616
                ]
            ],
            "iscrowd": 0,
            "area": 45228.565271009684,
            "image_id": 18,
            "bbox": [
                3.0,
                3.0,
                149.0,
                321.0
            ],
            "category_id": 0,
            "id": 19
        },
        {
            "segmentation": [
                [
                    4.0,
                    324.5674740484429,
                    3.3079584775086346,
                    18.685121107266436,
                    105.03806228373702,
                    12.45674740484429,
                    104.69204152249131,
                    4.498269896193771,
                    138.94809688581313,
                    3.1141868512110724,
                    138.25605536332176,
                    13.148788927335639,
                    146.90657439446363,
                    15.224913494809687,
                    152.0968858131488,
                    321.10726643598616
                ]
            ],
            "iscrowd": 0,
            "area": 45228.565271009684,
            "image_id": 19,
            "bbox": [
                3.0,
                3.0,
                149.0,
                321.0
            ],
            "category_id": 0,
            "id": 20
        },
        {
            "segmentation": [
                [
                    70.36817102137766,
                    223.04038004750595,
                    68.46793349168647,
                    204.98812351543944,
                    71.55581947743468,
                    9.026128266033254,
                    77.25653206650833,
                    8.31353919239905,
                    77.49406175771972,
                    4.750593824228028,
                    117.63657957244655,
                    2.6128266033254155,
                    118.58669833729218,
                    7.1258907363420425,
                    151.36579572446556,
                    7.838479809976247,
                    156.5914489311164,
                    194.53681710213777,
                    153.74109263657957,
                    222.80285035629453
                ]
            ],
            "iscrowd": 0,
            "area": 18279.235617041202,
            "image_id": 20,
            "bbox": [
                68.0,
                2.0,
                88.0,
                221.0
            ],
            "category_id": 0,
            "id": 21
        },
        {
            "segmentation": [
                [
                    80.38372093023256,
                    232.2674418604651,
                    76.3139534883721,
                    52.616279069767444,
                    88.23255813953489,
                    31.3953488372093,
                    87.94186046511629,
                    21.802325581395348,
                    101.3139534883721,
                    14.244186046511627,
                    118.75581395348837,
                    13.662790697674419,
                    155.38372093023256,
                    12.790697674418604,
                    183.0,
                    15.69767441860465,
                    198.98837209302326,
                    20.058139534883722,
                    199.56976744186045,
                    29.36046511627907,
                    210.32558139534882,
                    51.74418604651163,
                    205.67441860465118,
                    234.01162790697674,
                    187.9418604651163,
                    249.12790697674419,
                    153.63953488372093,
                    259.30232558139534,
                    129.80232558139537,
                    260.1744186046512,
                    107.12790697674419,
                    254.36046511627907,
                    97.24418604651163,
                    245.93023255813955
                ]
            ],
            "iscrowd": 0,
            "area": 30185.06625202809,
            "image_id": 21,
            "bbox": [
                76.0,
                12.0,
                134.0,
                248.0
            ],
            "category_id": 2,
            "id": 22
        },
        {
            "segmentation": [
                [
                    267.1111111111111,
                    2578.888888888889,
                    264.3333333333335,
                    45.55555555555556,
                    1082.0,
                    0.0,
                    1256.0,
                    3.8888888888888893,
                    1278.2222222222222,
                    134.44444444444446,
                    1347.666666666667,
                    1987.2222222222224,
                    1364.3333333333335,
                    2592.777777777778,
                    1256.0,
                    2601.1111111111113,
                    292.1111111111111,
                    2595.5555555555557
                ]
            ],
            "iscrowd": 0,
            "area": 2721830.246913581,
            "image_id": 22,
            "bbox": [
                264.0,
                0.0,
                1100.0,
                2601.0
            ],
            "category_id": 0,
            "id": 23
        },
        {
            "segmentation": [
                [
                    7.583333333333485,
                    21.0,
                    905.5,
                    23.083333333333336,
                    928.416666666667,
                    1066.8333333333335,
                    932.0,
                    1372.0,
                    932.0,
                    1952.0,
                    7.583333333333485,
                    1960.5833333333335
                ]
            ],
            "iscrowd": 0,
            "area": 1771778.8368055553,
            "image_id": 23,
            "bbox": [
                7.0,
                21.0,
                925.0,
                1939.0
            ],
            "category_id": 0,
            "id": 24
        },
        {
            "segmentation": [
                [
                    162.06024096385534,
                    1009.8433734939758,
                    152.42168674698792,
                    225.50602409638552,
                    207.84337349397583,
                    123.09638554216866,
                    203.02409638554207,
                    97.79518072289156,
                    481.3373493975903,
                    77.3132530120482,
                    697.0,
                    102.6144578313253,
                    699.4096385542168,
                    126.71084337349396,
                    750.0120481927711,
                    225.50602409638552,
                    753.6265060240962,
                    1019.4819277108433,
                    698.2048192771083,
                    1060.44578313253,
                    572.9036144578313,
                    1111.0481927710841,
                    348.80722891566256,
                    1113.4578313253012,
                    231.93975903614455,
                    1074.9036144578313
                ]
            ],
            "iscrowd": 0,
            "area": 585267.0924662505,
            "image_id": 24,
            "bbox": [
                152.0,
                77.0,
                601.0,
                1036.0
            ],
            "category_id": 2,
            "id": 25
        },
        {
            "segmentation": [
                [
                    4.448979591836746,
                    418.8775510204082,
                    3.9387755102040956,
                    242.3469387755102,
                    5.469387755102048,
                    227.0408163265306,
                    11.081632653061206,
                    141.83673469387756,
                    36.081632653061206,
                    67.34693877551021,
                    32.51020408163265,
                    54.59183673469388,
                    37.612244897959215,
                    48.97959183673469,
                    34.551020408163254,
                    12.755102040816327,
                    52.40816326530614,
                    6.63265306122449,
                    124.34693877551024,
                    6.63265306122449,
                    134.55102040816325,
                    15.816326530612246,
                    135.0612244897959,
                    49.48979591836735,
                    137.10204081632656,
                    58.16326530612245,
                    133.0204081632653,
                    70.91836734693878,
                    156.48979591836735,
                    137.75510204081633,
                    166.18367346938777,
                    231.12244897959184,
                    167.71428571428572,
                    245.40816326530611,
                    164.65306122448982,
                    403.57142857142856,
                    159.0408163265306,
                    457.6530612244898,
                    140.67346938775512,
                    471.9387755102041,
                    97.81632653061223,
                    478.0612244897959,
                    42.20408163265307,
                    475.51020408163265,
                    13.122448979591866,
                    454.5918367346939
                ]
            ],
            "iscrowd": 0,
            "area": 67110.18846314037,
            "image_id": 25,
            "bbox": [
                3.0,
                6.0,
                164.0,
                472.0
            ],
            "category_id": 3,
            "id": 26
        },
        {
            "segmentation": [
                [
                    261.77777777777777,
                    605.6666666666666,
                    258.8148148148148,
                    380.48148148148147,
                    256.59259259259255,
                    368.6296296296296,
                    265.48148148148147,
                    255.2962962962963,
                    298.8148148148148,
                    162.7037037037037,
                    295.1111111111111,
                    148.62962962962962,
                    304.0,
                    141.2222222222222,
                    295.85185185185185,
                    136.03703703703704,
                    295.85185185185185,
                    90.1111111111111,
                    412.8888888888888,
                    87.14814814814814,
                    417.33333333333326,
                    136.03703703703704,
                    408.44444444444446,
                    141.96296296296296,
                    417.33333333333326,
                    151.59259259259258,
                    412.14814814814815,
                    165.66666666666666,
                    449.92592592592587,
                    262.7037037037037,
                    457.33333333333326,
                    357.5185185185185,
                    458.074074074074,
                    376.037037037037,
                    458.074074074074,
                    576.037037037037,
                    441.03703703703695,
                    657.5185185185185,
                    380.2962962962963,
                    676.7777777777777,
                    312.14814814814815,
                    672.3333333333333,
                    275.1111111111111,
                    654.5555555555555
                ]
            ],
            "iscrowd": 0,
            "area": 102170.09602194792,
            "image_id": 26,
            "bbox": [
                256.0,
                87.0,
                202.0,
                589.0
            ],
            "category_id": 3,
            "id": 27
        },
        {
            "segmentation": [
                [
                    536.8571428571429,
                    1194.8253968253969,
                    528.9206349206349,
                    1144.031746031746,
                    533.6825396825398,
                    739.2698412698412,
                    533.6825396825398,
                    690.063492063492,
                    554.3174603174602,
                    485.3015873015873,
                    598.7619047619048,
                    337.6825396825397,
                    617.8095238095239,
                    267.8412698412698,
                    614.6349206349207,
                    239.26984126984127,
                    632.0952380952381,
                    204.34920634920636,
                    617.8095238095239,
                    115.46031746031746,
                    743.2063492063492,
                    88.47619047619048,
                    870.1904761904761,
                    101.17460317460318,
                    882.8888888888889,
                    205.93650793650792,
                    890.8253968253969,
                    248.79365079365078,
                    878.1269841269841,
                    271.015873015873,
                    913.047619047619,
                    348.7936507936508,
                    949.5555555555557,
                    498.0,
                    970.1904761904761,
                    701.1746031746031,
                    959.0793650793651,
                    736.0952380952381,
                    965.4285714285713,
                    917.047619047619,
                    965.4285714285713,
                    1137.6825396825398,
                    962.2539682539682,
                    1183.7142857142858,
                    954.3174603174602,
                    1290.063492063492,
                    919.3968253968253,
                    1336.095238095238,
                    811.4603174603174,
                    1355.142857142857,
                    692.4126984126983,
                    1358.3174603174602,
                    562.2539682539682,
                    1315.4603174603174
                ]
            ],
            "iscrowd": 0,
            "area": 478630.6374401618,
            "image_id": 27,
            "bbox": [
                528.0,
                88.0,
                442.0,
                1270.0
            ],
            "category_id": 3,
            "id": 28
        },
        {
            "segmentation": [
                [
                    50.0,
                    284.1772151898734,
                    56.01265822784811,
                    271.8354430379747,
                    66.45569620253164,
                    177.84810126582278,
                    64.55696202531644,
                    81.32911392405063,
                    49.0506329113924,
                    15.50632911392405,
                    251.58227848101262,
                    13.60759493670886,
                    238.2911392405063,
                    82.59493670886076,
                    232.59493670886076,
                    183.2278481012658,
                    250.31645569620252,
                    285.44303797468353
                ]
            ],
            "iscrowd": 0,
            "area": 48324.78769427976,
            "image_id": 28,
            "bbox": [
                49.0,
                13.0,
                202.0,
                272.0
            ],
            "category_id": 1,
            "id": 29
        },
        {
            "segmentation": [
                [
                    65.87966804979254,
                    370.53941908713693,
                    50.941908713692925,
                    343.1535269709543,
                    48.452282157676336,
                    42.738589211618255,
                    156.7510373443983,
                    36.51452282157676,
                    158.4107883817427,
                    24.481327800829874,
                    177.9128630705394,
                    20.33195020746888,
                    192.02074688796677,
                    27.38589211618257,
                    192.43568464730288,
                    35.684647302904565,
                    212.76763485477176,
                    56.84647302904564,
                    214.01244813278004,
                    360.99585062240664
                ]
            ],
            "iscrowd": 0,
            "area": 53663.50441624627,
            "image_id": 29,
            "bbox": [
                48.0,
                20.0,
                166.0,
                350.0
            ],
            "category_id": 0,
            "id": 30
        },
        {
            "segmentation": [
                [
                    71.31828978622329,
                    220.90261282660333,
                    69.41805225653206,
                    203.3254156769596,
                    72.50593824228028,
                    9.026128266033254,
                    77.25653206650833,
                    2.375296912114014,
                    116.92399049881234,
                    1.9002375296912115,
                    118.11163895486936,
                    7.1258907363420425,
                    151.36579572446556,
                    9.263657957244655,
                    154.45368171021377,
                    102.85035629453682,
                    153.74109263657957,
                    223.27790973871734,
                    70.84323040380048,
                    223.27790973871734
                ]
            ],
            "iscrowd": 0,
            "area": 18032.31193685434,
            "image_id": 30,
            "bbox": [
                69.0,
                1.0,
                85.0,
                222.0
            ],
            "category_id": 0,
            "id": 31
        },
        {
            "segmentation": [
                [
                    121.41798941798942,
                    457.6719576719576,
                    119.30158730158729,
                    77.24867724867724,
                    145.75661375661372,
                    23.28042328042328,
                    142.58201058201058,
                    7.936507936507936,
                    351.5767195767196,
                    5.29100529100529,
                    354.75132275132273,
                    22.75132275132275,
                    381.20634920634916,
                    78.83597883597884,
                    380.14814814814815,
                    453.4391534391534,
                    347.8730158730158,
                    478.3068783068783,
                    342.05291005291,
                    491.5343915343915,
                    274.85714285714283,
                    496.29629629629625,
                    172.7407407407407,
                    492.59259259259255,
                    152.6349206349206,
                    487.8306878306878,
                    149.4603174603174,
                    476.19047619047615
                ]
            ],
            "iscrowd": 0,
            "area": 122815.43069902866,
            "image_id": 31,
            "bbox": [
                119.0,
                5.0,
                262.0,
                491.0
            ],
            "category_id": 2,
            "id": 32
        },
        {
            "segmentation": [
                [
                    39.76271186440681,
                    757.4745762711865,
                    27.898305084745743,
                    716.7966101694916,
                    25.355932203389898,
                    665.9491525423729,
                    23.661016949152554,
                    638.8305084745763,
                    23.661016949152554,
                    387.98305084745766,
                    22.81355932203394,
                    363.40677966101697,
                    28.745762711864472,
                    281.2033898305085,
                    44.0,
                    196.45762711864407,
                    75.3559322033899,
                    104.08474576271188,
                    72.81355932203394,
                    80.35593220338984,
                    85.52542372881362,
                    71.03389830508475,
                    77.05084745762713,
                    65.10169491525424,
                    76.20338983050851,
                    4.084745762711865,
                    236.37288135593224,
                    4.932203389830509,
                    239.7627118644068,
                    67.64406779661017,
                    226.2033898305085,
                    68.49152542372882,
                    238.06779661016958,
                    76.96610169491525,
                    235.52542372881362,
                    97.30508474576271,
                    282.13559322033905,
                    232.89830508474577,
                    295.69491525423734,
                    359.1694915254237,
                    299.93220338983053,
                    377.81355932203394,
                    296.54237288135596,
                    382.8983050847458,
                    292.30508474576277,
                    637.135593220339,
                    296.54237288135596,
                    654.9322033898305,
                    293.1525423728814,
                    670.1864406779662,
                    284.677966101695,
                    752.3898305084746,
                    233.83050847457628,
                    787.135593220339,
                    158.40677966101703,
                    796.4576271186442,
                    98.2372881355933,
                    788.8305084745763
                ]
            ],
            "iscrowd": 0,
            "area": 188454.8261993681,
            "image_id": 32,
            "bbox": [
                22.0,
                4.0,
                277.0,
                792.0
            ],
            "category_id": 3,
            "id": 33
        }
    ]
}